components,silhouette_score,accuracy
50,0.04691952490522305,0.8381818181818181
100,0.029339975245556402,0.8481818181818181
200,0.020552891450348523,0.8427272727272728
